<?xml version="1.0" encoding="utf-8" ?>
<component name="Contador" extends="Scene">
  <script type="text/brightscript" uri="pkg:/components/Contador.brs" />
  <children>
    <Rectangle id="fundo" color="0x1A202CFF" />
    <Label id="relogio" color="0xFFFFFFFF" />
    <Label id="tituloSessao" color="0x63B3EDFF" />
    <Label id="data" color="0xA0AEC0FF" />
    <Label id="cronometro" color="0xF56500FF" />
    <Rectangle id="playButton" color="0xF56500FF">
      <Label id="playButtonLabel" text="Play" color="0xFFFFFFFF" />
    </Rectangle>
    <Rectangle id="pauseButton" color="0xF56500FF">
      <Label id="pauseButtonLabel" text="Pause" color="0xFFFFFFFF" />
    </Rectangle>
  </children>
</component>
