<?xml version="1.0" encoding="utf-8"?>
<component name="Contador" extends="Scene">
  <children>
    <Rectangle width="1280" height="720" color="#0d0d0d" />
    <LayoutGroup id="mainLayout" layoutDirection="vert" vertAlign="center" horizAlign="center" translation="[300, 70]">
      <Label id="timeLabel" text="00:00" horizAlign="center" vertAlign="center" font="font:ExtraLargeBoldSystemFont" color="0xFFFFFFFF" width="600" height="100"/>
      <Label id="tituloAcademiaLabel" text="Gfteam praça das nações" vertAlign="center" horizAlign="center" font="font:LargeBoldSystemFont" color="0xFFFFFFFF" width="600" height="50"/>
      <Poster id="icon" uri="pkg:/images/LOGOJOAOVERAS.png" width="150" height="150" vertAlign="center" horizAlign="center"  />
      <Label id="dayLabel" text="Segunda-feira, 1 de Janeiro" horizAlign="center" font="font:MediumBoldSystemFont" color="0x333333FF"/>

      <Label id="cronometroLabel" text="00:00" horizAlign="center" font="font:ExtraLargeBoldSystemFont" color="0xFF0000FF" height="100"/>

      <LayoutGroup id="buttonsLayout" layoutDirection="horiz" itemSpacings="[10]" horizAlign="center" height="60">

        <Rectangle id="btnPlay" color="0xDDDDDDFF" focusable="true" width="120" height="60">
          <Label text="Play" horizAlign="center" vertAlign="center" width="120" height="60"/>
        </Rectangle>
        <Rectangle id="btnPause" color="0xDDDDDDFF" focusable="true" width="120" height="60">
          <Label text="Pause" horizAlign="center" vertAlign="center" width="120" height="60"/>
        </Rectangle>
        <Rectangle id="btnAdd1" color="0xDDDDDDFF" focusable="true" width="100" height="60">
          <Label text="+1min" horizAlign="center" vertAlign="center" width="100" height="60"/>
        </Rectangle>
        <Rectangle id="btnAdd5" color="0xDDDDDDFF" focusable="true" width="100" height="60">
          <Label text="+5min" horizAlign="center" vertAlign="center" width="100" height="60"/>
        </Rectangle>
        <Rectangle id="btnAdd10" color="0xDDDDDDFF" focusable="true" width="110" height="60">
          <Label text="+10min" horizAlign="center" vertAlign="center" width="110" height="60"/>
        </Rectangle>
        <Rectangle id="btnReset" color="0xFFAAAAFF" focusable="true" width="120" height="60">
          <Label text="Reset" horizAlign="center" vertAlign="center" width="120" height="60"/>
        </Rectangle>
      </LayoutGroup>



    </LayoutGroup>
  </children>

  <script type="text/brightscript" uri="pkg:/source/contador.brs" />
</component>