<?xml version="1.0" encoding="utf-8"?>
<component name="Contador" extends="Scene">
  <children>
    <!-- Fundo full-screen -->
    <Poster width="1280" height="720" uri="pkg:/images/fundojj.jpg" />

    <!-- Grupo com padding de 40px (Safe Area) -->
    <Group id="SafeArea" width="1200" height="640" translation="[40, 40]">
      <!-- 1) Título: fonte gigante -->
      <Label id="tituloAcademiaLabel" text="Centro de Treinamento GFTeam - Praça das Nações" width="1160" height="160" horizAlign="left" vertAlign="top" translation="[0, 0]" color="#000000"/>

      <!-- 2) Dia da semana + data: maior e colado embaixo -->
      <Label id="dayLabel" text="Terça-feira, 21 de Maio" width="800" height="120" horizAlign="left" vertAlign="top" translation="[0, 30]" color="#333333"/>

      <!-- 3) Relógio digital: fonte alta para visibilidade -->
      <Label id="timeLabel" text="23:22:32" width="400" height="100" horizAlign="left" vertAlign="top" translation="[0, 60]" color="#000000"/>

      <!-- 4) Logo no canto direito da SafeArea -->
      <Poster id="icon" uri="pkg:/images/LOGOJOAOVERAS.png" width="200" height="200" horizAlign="left" vertAlign="top" translation="[1000, 0]" />
    </Group>
  </children>

  <script type="text/brightscript" uri="pkg:/source/contador.brs" />
</component>
