<component name="Contador" extends="Scene" backgroundColor="0x0A0A0AFF">
  <script type="text/brightscript" uri="pkg:/components/Contador.brs" />
  <children>
    <!-- Fundo (imagem da logo) -->
    <Poster id="fundo" uri="pkg:/images/LOGOJOAOVERAS_resized_1280x720.png" />

    <!-- Relógio -->
    <Label id="relogio" color="0xFFFFFFFF" />

    <!-- Data -->
    <Label id="data" color="0xCCCCCCFF" />

    <!-- Título da Sessão -->
    <Label id="tituloSessao" color="0xEEEEEEFF" />

    <!-- Cronômetro -->
    <Label id="cronometro" color="0xF43F5EFF" />

    <!-- LayoutGroup contendo todos os botões (sem nenhuma propriedade estática) -->
    <LayoutGroup id="botoesGroup" focusable="true">
      <Rectangle id="playButton" color="0x1E293BFF" focusable="true">
        <Label id="playButtonLabel" text="Play" color="0xF8FAFCFF" />
      </Rectangle>

      <Rectangle id="pauseButton" color="0x1E293BFF" focusable="true">
        <Label id="pauseButtonLabel" text="Pause" color="0xF8FAFCFF" />
      </Rectangle>

      <Rectangle id="umButton" color="0x1E293BFF" focusable="true">
        <Label id="umButtonLabel" text="+1" color="0xF8FAFCFF" />
      </Rectangle>

      <Rectangle id="cincoButton" color="0x1E293BFF" focusable="true">
        <Label id="cincoButtonLabel" text="+5" color="0xF8FAFCFF" />
      </Rectangle>

      <Rectangle id="dezButton" color="0x1E293BFF" focusable="true">
        <Label id="dezButtonLabel" text="+10" color="0xF8FAFCFF" />
      </Rectangle>

      <Rectangle id="resetButton" color="0x1E293BFF" focusable="true">
        <Label id="resetButtonLabel" text="Reset" color="0xF8FAFCFF" />
      </Rectangle>
    </LayoutGroup>
  </children>
</component>
