<?xml version="1.0" encoding="utf-8"?>
<component name="Contador" extends="Scene">
  <children>
    <!-- Fundo, Labels e Botões conforme seu layout -->
    <Poster width="1280" height="720" uri="pkg:/images/fundojj.jpg" />

    <Group id="SafeArea" width="1200" height="680" translation="[40,20]">
      <Label id="timeLabel" text="00:00" width="1200" height="100" horizAlign="center" vertAlign="top" translation="[0,0]" font="font:ExtraLargeBoldSystemFont" color="0x000000FF"/>
      <Label id="tituloAcademiaLabel" text="Centro GFTeam" width="1160" height="80" horizAlign="center" vertAlign="top" translation="[0,90]" font="font:LargeBoldSystemFont" color="0x000000FF"/>
      <Label id="dayLabel" text="Segunda-feira, 1 de Janeiro" width="1000" height="60" horizAlign="center" vertAlign="top" translation="[0,160]" font="font:MediumBoldSystemFont" color="0x333333FF"/>
      <Label id="cronometroLabel" text="00:00" width="400" height="80" horizAlign="center" vertAlign="top" translation="[400,230]" font="font:ExtraLargeBoldSystemFont" color="0xFF0000FF"/>

      <Group id="buttonsGroup" translation="[200,330]">
        <Rectangle id="btnPlay" width="100" height="50" translation="[0,0]" color="0xDDDDDDFF" focusable="true">
          <Label text="▶ Play" horizAlign="center" vertAlign="center" width="100" height="50"/>
        </Rectangle>
        <Rectangle id="btnPause" width="120" height="50" translation="[110,0]" color="0xDDDDDDFF" focusable="true">
          <Label text="⏸ Pause" horizAlign="center" vertAlign="center" width="120" height="50"/>
        </Rectangle>
        <Rectangle id="btnAdd1" width="80" height="50" translation="[240,0]" color="0xDDDDDDFF" focusable="true">
          <Label text="+1min" horizAlign="center" vertAlign="center" width="80" height="50"/>
        </Rectangle>
        <Rectangle id="btnAdd5" width="80" height="50" translation="[330,0]" color="0xDDDDDDFF" focusable="true">
          <Label text="+5min" horizAlign="center" vertAlign="center" width="80" height="50"/>
        </Rectangle>
        <Rectangle id="btnAdd10" width="90" height="50" translation="[420,0]" color="0xDDDDDDFF" focusable="true">
          <Label text="+10min" horizAlign="center" vertAlign="center" width="90" height="50"/>
        </Rectangle>

        <Rectangle id="btnReset" width="100" height="50" translation="[520,0]" color="0xFFAAAAFF" focusable="true">
          <Label text="🔄 Reset" horizAlign="center" vertAlign="center" width="100" height="50"/>
        </Rectangle>
      </Group>

      <Poster id="icon" uri="pkg:/images/LOGOJOAOVERAS.png" width="150" height="150" translation="[1020,490]" />
    </Group>
  </children>

  <script type="text/brightscript" uri="pkg:/source/contador.brs" />
</component>
