<?xml version="1.0" encoding="utf-8" ?>
<component name="Contador" extends="Scene">
  <script type="text/brightscript" uri="pkg:/components/Contador.brs" />
  <children>
    <Poster id="fundo" uri="pkg:/images/LOGOJOAOVERASOpac.png"/>

    <Label id="relogio" color="0xFFFFFFFF" />
    <Label id="tituloSessao" color="0xE2E8F0FF" />
    <Label id="data" color="0xA0AEC0FF" />
    <Label id="cronometro" color="0xE53E3EFF" />

    <Rectangle id="playButton" color="0x4A5568FF">
      <Label id="playButtonLabel" text="Play" color="0xFFFFFFFF" />
    </Rectangle>

    <Rectangle id="pauseButton" color="0x2D3748FF">
      <Label id="pauseButtonLabel" text="Pause" color="0xFFFFFFFF" />
    </Rectangle>
  </children>
</component>
